Circuit,Actual_mW,Predicted_mW,Error_%
S344,0.01846,0.016157899999999965,12.47
S382,0.01046,0.010907488888888902,4.28
S386,0.01628,0.01847830000000006,13.5
S400,0.01065,0.011123522222222237,4.45
S641,0.03629,0.04225350000000011,16.43
